<?xml version="1.0" encoding="UTF-8" standalone="yes"?>
<addon id="plugin.video.hdplay"
       name="HDPlay"
       version="1.5"
       provider-name="HDrepo">
	<requires>
		<import addon="xbmc.python" version="2.1.0" />
		<import addon="script.module.simple.downloader" version="1.9.4" />
	</requires>
    <extension point="xbmc.python.pluginsource"
               library="default.py">
        <provides>video</provides>
    </extension>
    <extension point="xbmc.addon.metadata">
        <platform>all</platform>
        <language>en</language>
		<summary lang="en">TV HD</summary>
		<description lang="en">Add-on xem TV HD</description>
    </extension>
</addon>
