<?xml version="1.0" encoding="UTF-8" standalone="yes"?>
<addon id="plugin.video.hdrepo"
		name="HDRepo"
		version="2.4.4"
		provider-name="HDRepo">
	<requires>
		<import addon="xbmc.python" version="2.1.0" />
        <import addon="script.module.beautifulsoup" version="3.0.8"/>
		<import addon="script.module.simple.downloader" version="1.9.4" />
	</requires>
	<extension point="xbmc.python.pluginsource"
				library="default.py">
		<provides>video</provides>
	</extension>
	<extension point="xbmc.addon.metadata">
		<platform>all</platform>
		<language>en</language>
		<summary lang="en">Xem phim HD trên server FShare</summary>
		<description lang="en">Add-on cho phép xem trực tiếp phim HD được lưu trữ trên dịch vụ FShare. Website: HDrepo.com</description>
	</extension>
</addon>
